<?xml version="1.0" encoding="UTF-8"?>
<exporter provider="PR-123" software="SO-123" label="Immo AG">
    <exportInformation>
        <exportDate>2013-04-02T19:20:30+01:00</exportDate>
        <exportIteration>23</exportIteration>
    </exportInformation>
    <properties>
        <property id="1A47C"> <!-- unique identifier within provider used for matching (this is NOT the PY-## number) software exporters tend to choose their own id as unique instead of relying on the referenceId-->
            <softwareInformation> <!-- Information from the software concearning this property -->
                <lastUser>max.muster</lastUser>
                <lastUpdate>2013-04-02T19:20:30+01:00</lastUpdate>
                <updateIteration>3</updateIteration>
                <creation>2013-04-02T19:20:30+01:00</creation>
            </softwareInformation>

            <providerInformation> <!-- if id="PR-###" otherwise it is considered a exportproviderid matched with the software -->
                <public>false</public> <!-- Determines if the property and its offers should include this provider if an organisation has not been defined -->
            </providerInformation>

            <address>
                <country>CH</country>
                <locality>Arbon</locality>
                <region>Thurgau</region>
                <postalCode>9320</postalCode>
                <street>Street</street>
                <streetNumber>999</streetNumber>
                <subunit>1</subunit>
                <geo>
                    <latitude>76.234098203984</latitude><!-- (FLOAT) no limitation -->
                    <longitude>-80.234098203984</longitude><!-- (FLOAT) no limitation -->
                </geo>
            </address>

            <features>
                <feature>has-elevator</feature> <!-- See online matchlist -->
                <feature>is-child-friendly</feature>
                <feature>is-animal-friendly</feature>
                <feature>is-wheelchair-accessible</feature>
            </features>

            <numericValues>
                <value key="floor">+2</value> <!-- starting floor of object (-1+0+1+2+3+4) (+ is optional) ("null" is not alowed!!! please omit tag)-->
                <value key="number_of_floors">3</value> <!-- the "house"'s total number of floors (not offer!) (0 is not alowed!!!) -->
                <value key="distance_kindergarten">500m+700m</value>
                <value key="number_of_rooms">3.5</value>
                <value key="max_elevator_weight">500kg+100kg</value>
                <value key="surface_living">200m</value>
                <value key="gross_premium">5.25p</value> <!-- p stands for '%' -->
            </numericValues>
            <categories>
                <category>apartment</category>
                <category>duplex</category>
            </categories>
            <utilities>
                <utility>commercial</utility>
                <utility>residential</utility>
            </utilities>
            <offers>
                <offer lang="de" id="1A47C-1"> <!-- unique identifier (must be unique within this property)-->
                    <referenceId>4lkj3l45-1</referenceId> <!-- internal reference number for comparisons between complex exchanges and publications -->
                    <similarOffers>
                        <similarOffer>
                            <title>Zweiter Stock</title>
                            <provider>PR-123</provider>
                            <property>1A47C</property>
                            <offer>1A47C-3</offer>
                        </similarOffer>
                    </similarOffers>
                    <start>2015-04-02T19:20:30+01:00</start>
                    <urls>
                        <url type="private-listing" title="title here" label="Yourdomain.ch">http://yourdomain.ch/property/111111</url> <!-- TODO: define url type-slugs -->
                        <url>http://youremail.ch/property/111111</url>
                    </urls>

                    <name>The ultimate Test-Object</name><!-- Sales-Name of the property -->
                    <excerpt>A short description of the property.</excerpt><!-- Short description of the property -->
                    <descriptions>
                        <description><![CDATA[<p><strong>Here</strong> can2 <i>HTML</i> become handy!</p><ul><li>listitem</li><li>listitem</li></ul>]]></description><!-- Main description of the property -->
                        <description title="Infos"><![CDATA[<p><strong>Here</strong> can2 <i>HTML</i> become handy!</p><ul><li>listitem</li><li>listitem</li></ul>]]></description>
                        <description title="Titel"><![CDATA[<p><strong>Here</strong> can2 <i>HTML</i> become handy!</p><ul><li>listitem</li><li>listitem</li></ul>]]></description>
                    </descriptions>
                    
                    <type>buy</type><!-- rent / buy -->
                    <availabilty>reserved</availabilty> <!-- reserved / active / taken / reference -->
                    
                    <priceCurrency>CHF</priceCurrency>
                    <price frequency="1" timesegment="infinite" propertysegment="m2">700</price>
                    <!--<grossPrice></grossPrice>-->
                    <!--<netPrice></netPrice>-->
                    <extraCosts>
                        <extraCost key="gas+electric" frequency="1" timesegment="m" propertysegment="m2">500</extraCost>
                        <extraCost key="water" frequency="1" timesegment="m" propertysegment="m2">500</extraCost>
                        <extraCost key="kaution" frequency="1" timesegment="infinite" propertysegment="all">12345</extraCost>
                        <extraCost key="extra-costs" frequency="1" timesegment="m" propertysegment="all">12345</extraCost>
                        <extraCost frequency="1" timesegment="m" propertysegment="all">12345</extraCost>
                    </extraCosts>
                
                    <attachments>
                        <media type="image">
                            <alt>Adler fehlt hier</alt>
                            <title>Adler im flug</title>
                            <file></file><!-- '/attachment/' is root -->
                            <url>http://lorempixel.com/800/600/city/</url>
                            <caption>Adler können von weiter entfehrnung ihre Beute sehen</caption>
                            <description>Erweiterte Beschreibung</description>
                        </media>
                        <media type="image">
                            <alt>Fehlendes Elephantenbild</alt>
                            <title>Ein Elephantenbild</title>
                            <file></file><!-- '/attachment/' is root -->
                            <url>http://lorempixel.com/800/600/city/</url>
                            <caption>Elefanten sind sehr gross</caption>
                            <description>Erweiterte Beschreibung</description>
                        </media>
                        <media type="image">
                            <alt>Hier wären Flamingos</alt>
                            <title>Bild von Flamigos</title>
                            <file>1/Moon.JPG</file><!-- '/attachment/' is root -->
                            <url></url> 
                            <caption>Flamingos sind sehr schöne Tiere</caption>
                            <description>Erweiterte Beschreibung</description>
                        </media>
                        <media type="image">
                            <file>1/Andromeda Galaxy.jpg</file><!-- '/attachment/' is root -->
                            <caption>a test2</caption>
                            <alt>An alt text222</alt>
                        </media>
                        <media type="document">
                            <file>1/Floating-Leaves.jpg</file>
                            <caption>Document description</caption>
                        </media>
                        <media type="image">
                            <file>1/beach-800x600.jpg</file><!-- '/attachment/' is root -->
                        </media>
                        <media type="document">
                            <title>R intro2222</title>
                            <url>http://cran.r-project.org/doc/manuals/R-intro.pdf</url>
                        </media>
                        <media type="plan">
                            <title>R intro Plan33333</title>
                            <url>http://yourdomain.ch/property/39184_49fc027ee9e02a548e4fe69e77d6c5b2_thumb_530x335_c.jpg</url>
                        </media>
                        <media type="youtube">
                            <alt>Walthrough Video wäre hier</alt>
                            <title>Walthrough Video von der Anlage</title>
                            <file></file><!-- '/attachment/' is root -->
                            <url>http://youtu.be/nwdqcFu0WG8</url> 
                            <caption>Adler können von weiter entfehrnung ihre Beute sehen</caption>
                        </media>
                    </attachments>
                    
                    <events>
                        <visitInformation><![CDATA[<p><strong>Here</strong> can2 <i>HTML</i> become handy! for visiting infos</p><ul><li>listitem</li><li>listitem</li></ul>]]></visitInformation>
                        <event type="visit">
                            <name>(Open Doors) Visit us!</name>
                            <start>2015-04-02T19:20:30+01:00</start>
                            <end>2015-04-02T19:23:30+01:00</end>
                            <location><![CDATA[Somestreet 17, 9320 Arbon, At the Castlegates]]></location>
                            <summary><![CDATA[Will only take place if reserved, please contact us at: 000 000 00 0]]></summary>
                        </event>
                    </events>

                    <seller><!-- used for contact purposes-->
                        <organization> <!-- Overwrides provider -->
                            <address>
                                <country>CH</country>
                                <locality>Arbon</locality>
                                <region>Thurgau</region>
                                <postalCode>9320</postalCode>
                                <postOfficeBoxNumber>123</postOfficeBoxNumber>
                                <street>Street</street>
                                <streetNumber>999</streetNumber>
                                <subunit>1</subunit>
                                <geo>
                                    <latitude>76.234098203984</latitude><!-- (FLOAT) no limitation -->
                                    <longitude>-80.234098203984</longitude><!-- (FLOAT) no limitation -->
                                </geo>
                            </address>
                            <legalName>Your Main Company</legalName>
                            <brand>Your Brandname</brand>
                            <!-- <logo external="false"/> has not yet been implemented-->
                            <email>info@domain.com</email>
                            <emailRem>rem@domain.com</emailRem>
                            <fax>+41 123 456 78 90</fax>
                            <phone>+41 123 456 78 90</phone>
                            <website title="maklersoftware" label="Casasoft Website">http://Casasoft.ch</website>
                        </organization>
                        <viewPerson><!-- presented up front (may be used as inquiry if none given) -->
                            <function>CEO</function>
                            <givenName>Max</givenName>
                            <familyName>Muster</familyName>
                            <email>email@host.com</email>
                            <fax>+41 123 456 78 90</fax>
                            <phone>+41 123 456 78 90</phone>
                            <mobile>+41 123 456 78 90</mobile>
                            <gender>M</gender>
                            <note></note>
                        </viewPerson>
                        <visitPerson><!-- Person to contact for visit information -->
                            <function>CEO</function>
                            <givenName>Max</givenName>
                            <familyName>Muster</familyName>
                            <email>email@host.com</email>
                            <fax>+41 123 456 78 90</fax>
                            <phone>+41 123 456 78 90</phone>
                            <mobile>+41 123 456 78 90</mobile>
                            <gender>M</gender>
                            <note></note>
                        </visitPerson>
                        <inquiryPerson><!-- optional for alternate E-Mail/inquiry person -->
                            <function>Sachbearbeiterin</function>
                            <givenName>Jane</givenName>
                            <familyName>Muster</familyName>
                            <email>inquiry@host.com</email>
                            <fax>+41 123 456 78 90</fax>
                            <phone>+41 123 456 78 90</phone>
                            <mobile>+41 123 456 78 90</mobile>
                            <gender>F</gender>
                            <note></note>
                        </inquiryPerson>
                    </seller>
                    <publisherSettings>
                        <publisherSetting id="PU-3" label="Homegate AG"> <!-- id="homegate" can also be used -->
                            <image_limit>unlimited</image_limit> <!-- INT or 'unlimited' only publish images up to... missing element = 'unlimited' -->
                            <document_limit>unlimited</document_limit>
                            <plan_limit>unlimited</plan_limit>
                            <hide_address>true</hide_address> <!-- hide the properties address (will also hide street) | true or false missing element = "false" -->
                            <hide_street>true</hide_street> <!-- hide the properties street and number | true or false missing element = "false" -->
                            <options><!-- everything within options the publisher can use as they see fit -->
                                <option name="premium_id">094kjhk98304jlkj45h</option>
                                <option name="premium_until">2013-04-02T19:20:30+01:00</option>
                                <option name="premium_position">left</option>
                            </options>
                        </publisherSetting>

                        <publisherSetting id="PU-1" label="CasaStation"> <!-- example for the recieving end to handle publishing -->
                            <options>
                                <option name="publish_group">all-free-platforms</option>
                                <option name="publish_group_image_limit">unlimited</option>
                                <option name="publish_group_document_limit">unlimited</option>
                                <option name="publish_group_plan_limit">unlimited</option>
                                <option name="publish_group_hide_address">false</option>
                                <option name="publish_group_hide_street">false</option>
                            </options>
                        </publisherSetting>

                        <publisherSetting id="PU-13" label="CasaSync"> <!-- example for publications to a WordPress plugin -->
                            <options>
                               <option name="custom_category_1_slug">something</option>
                               <option name="custom_category_1_label">Something</option>
                            </options>
                        </publisherSetting>
                    </publisherSettings>
                </offer>
                <offer lang="de" id="123kn1j23kb"> <!-- if id="PR-###" otherwise it is considered a exportproviderid -->
                    <type>rent</type>
                    <availabilty>active</availabilty>
                    <start>2015-04-02T19:20:30+01:00</start>
                    <name>No name</name>
                    <priceCurrency>CHF</priceCurrency>
                    <price frequency="1" timesegment="m" propertysegment="all">700</price><!-- required Price used for filtration/overviews -->
                    <netPrice frequency="1" timesegment="m" propertysegment="all">700</netPrice>
                    <grossPrice frequency="1" timesegment="m" propertysegment="all">800</grossPrice>
                    <extraCosts>
                        <extraCost type="electric+gas" title="Nebenkosten Gas &amp; Elektrik" frequency="1" timesegment="m" propertysegment="m2">500</extraCost>
                        <extraCost type="deposit" title="Kaution" frequency="1" timesegment="infinite" propertysegment="all">80</extraCost>
                    </extraCosts>
                    <seller>
                        <viewPerson>
                            <familyName>Muster</familyName>
                            <email>email@host.com</email>
                        </viewPerson>
                    </seller>
                </offer>
            </offers>
        </property>
    </properties>
</exporter>